{
  "dataset": "UCI",
  "sensors": {
    "acceleration": {
      "x": {
        "mean": 0.9512326423001002,
        "std": 0.7881933259649437
      },
      "y": {
        "mean": -0.5257426888425727,
        "std": 0.7441948687185911
      },
      "z": {
        "mean": -0.41583937153936545,
        "std": 0.6809535171918737
      }
    },
    "gyroscope": {
      "x": {
        "mean": 0.004020070311496658,
        "std": 1.1664203193984282
      },
      "y": {
        "mean": 0.00020598985731226402,
        "std": 1.0948528576837382
      },
      "z": {
        "mean": 0.0028917804012510845,
        "std": 0.7332668326749727
      }
    }
  },
  "metadata": {
    "window_size": 128,
    "channels": 6,
    "saved_at": "2025-02-14 13:24:32"
  }
}