{
  "dataset": "UCI",
  "sensors": {
    "acceleration": {
      "x": {
        "mean": 0.9512326423000539,
        "std": 0.7881933259649392
      },
      "y": {
        "mean": -0.5257426888425638,
        "std": 0.7441948687185957
      },
      "z": {
        "mean": -0.4158393715393395,
        "std": 0.6809535171918728
      }
    },
    "gyroscope": {
      "x": {
        "mean": 0.004020070311496484,
        "std": 1.166420319398415
      },
      "y": {
        "mean": 0.00020598985731220103,
        "std": 1.0948528576837449
      },
      "z": {
        "mean": 0.0028917804012510437,
        "std": 0.7332668326749808
      }
    }
  },
  "metadata": {
    "window_size": 128,
    "channels": 6,
    "calculated_at": "2025-02-14 03:27:20"
  }
}