{
  "dataset": "MotionSense",
  "parameters": {
    "mean_acc": -0.00023723703634459525,
    "std_acc": 0.9978687167167664,
    "mean_gyro": 0.00040343988803215325,
    "std_gyro": 1.002292513847351
  },
  "shape": {
    "window_size": 128,
    "num_channels": 6
  }
}